DISTANCE,DETECT,RSSI,FREQUENCY,ID
10,1,234,10761485,e20051397201021118904d81
20,1,214,16529165,e20051397201021118904d81
30,1,178,11287565,e20051397201021118904d81
40,1,146,5519885,e20051397201021118904d81
50,1,128,10761485,e20051397201021118904d81
60,1,102,16529165,e20051397201021118904d81
70,1,96,11287565,e20051397201021118904d81
80,1,112,5519885,e20051397201021118904d81
90,0,0,0,e20051397201021118904d81
100,0,0,0,e20051397201021118904d81
110,0,0,0,e20051397201021118904d81
120,0,0,0,e20051397201021118904d81
130,0,0,0,e20051397201021118904d81
140,0,0,0,e20051397201021118904d81
150,0,0,0,e20051397201021118904d81
160,0,0,0,e20051397201021118904d81
170,0,0,0,e20051397201021118904d81
180,0,0,0,e20051397201021118904d81
190,0,0,0,e20051397201021118904d81
200,0,0,0,e20051397201021118904d81
10,1,208,11287565,e20051397201021118904d81
20,1,199,5519885,e20051397201021118904d81
30,1,182,10761485,e20051397201021118904d81
40,1,131,16529165,e20051397201021118904d81
50,0,0,0,e20051397201021118904d81
60,1,5,5519885,e20051397201021118904d81
70,0,0,0,e20051397201021118904d81
80,1,96,16529165,e20051397201021118904d81
90,0,0,0,e20051397201021118904d81
100,0,0,0,e20051397201021118904d81
110,0,0,0,e20051397201021118904d81
120,0,0,0,e20051397201021118904d81
130,0,0,0,e20051397201021118904d81
140,0,0,0,e20051397201021118904d81
150,0,0,0,e20051397201021118904d81
160,0,0,0,e20051397201021118904d81
170,0,0,0,e20051397201021118904d81
180,0,0,0,e20051397201021118904d81
190,0,0,0,e20051397201021118904d81
200,0,0,0,e20051397201021118904d81
10,1,220,10761485,e20051397201021118904d81
20,1,188,16529165,e20051397201021118904d81
30,1,168,11287565,e20051397201021118904d81
40,1,150,5519885,e20051397201021118904d81
50,1,117,10761485,e20051397201021118904d81
60,0,0,0,e20051397201021118904d82
70,0,0,0,e20051397201021118904d83
80,1,134,5519885,e20051397201021118904d81
90,1,104,10761485,e20051397201021118904d81
100,0,0,0,e20051397201021118904d81
110,1,96,11287565,e20051397201021118904d81
120,1,99,5519885,e20051397201021118904d81
130,0,0,0,e20051397201021118904d81
140,0,0,0,e20051397201021118904d81
150,0,0,0,e20051397201021118904d81
160,0,0,0,e20051397201021118904d81
170,0,0,0,e20051397201021118904d81
180,0,0,0,e20051397201021118904d81
190,0,0,0,e20051397201021118904d81
200,0,0,0,e20051397201021118904d81
10,1,236,16529165,e20051397201021118904d81
20,1,235,11287565,e20051397201021118904d81
30,1,202,5519885,e20051397201021118904d81
40,1,217,10761485,e20051397201021118904d81
50,1,176,16529165,e20051397201021118904d81
60,1,160,11287565,e20051397201021118904d81
70,1,147,5519885,e20051397201021118904d81
80,1,167,10761485,e20051397201021118904d81
90,1,73,16529165,e20051397201021118904d81
100,1,57,11287565,e20051397201021118904d81
110,1,88,5519885,e20051397201021118904d81
120,1,71,10761485,e20051397201021118904d81
130,1,87,16529165,e20051397201021118904d81
140,1,118,11287565,e20051397201021118904d81
150,0,0,0,e20051397201021118904d81
160,1,85,10761485,e20051397201021118904d81
170,0,0,0,e20051397201021118904d81
180,0,0,0,e20051397201021118904d81
190,0,0,0,e20051397201021118904d81
200,1,80,16529165,e20051397201021118904d81
10,1,221,5519885,e20051397201021118904d81
20,1,220,10761485,e20051397201021118904d81
30,1,203,16529165,e20051397201021118904d81
40,1,183,11287565,e20051397201021118904d81
50,1,160,5519885,e20051397201021118904d81
60,0,0,0,e20051397201021118904d81
70,1,103,16529165,e20051397201021118904d81
80,1,40,11287565,e20051397201021118904d81
90,1,88,5519885,e20051397201021118904d81
100,1,39,10761485,e20051397201021118904d81
110,1,37,16529165,e20051397201021118904d81
120,0,0,0,e20051397201021118904d81
130,0,0,0,e20051397201021118904d81
140,0,0,0,e20051397201021118904d81
150,1,6,16529165,e20051397201021118904d81
160,0,0,0,e20051397201021118904d81
170,1,85,5519885,e20051397201021118904d81
180,1,37,10761485,e20051397201021118904d81
190,0,0,0,e20051397201021118904d81
200,0,0,0,e20051397201021118904d81
10,1,207,10761485,e20051397201021118904d81
20,1,220,16529165,e20051397201021118904d81
30,1,216,11287565,e20051397201021118904d81
40,1,201,5519885,e20051397201021118904d81
50,1,181,10761485,e20051397201021118904d81
60,1,165,16529165,e20051397201021118904d81
70,1,103,11287565,e20051397201021118904d81
80,0,0,0,e20051397201021118904d81
90,1,54,10761485,e20051397201021118904d81
100,1,112,16529165,e20051397201021118904d81
110,1,96,11287565,e20051397201021118904d81
120,1,80,5519885,e20051397201021118904d81
130,1,81,10761485,e20051397201021118904d81
140,0,0,0,e20051397201021118904d81
150,0,0,0,e20051397201021118904d81
160,0,0,0,e20051397201021118904d81
170,0,0,0,e20051397201021118904d81
180,0,0,0,e20051397201021118904d81
190,0,0,0,e20051397201021118904d81
200,0,0,0,e20051397201021118904d81
10,1,222,10761485,e20051397201021118904d81
20,1,219,16529165,e20051397201021118904d81
30,1,215,11287565,e20051397201021118904d81
40,1,197,5519885,e20051397201021118904d81
50,1,120,10761485,e20051397201021118904d81
60,1,57,16529165,e20051397201021118904d81
70,1,24,11287565,e20051397201021118904d81
80,1,57,5519885,e20051397201021118904d81
90,1,116,10761485,e20051397201021118904d81
100,1,101,16529165,e20051397201021118904d81
110,1,82,11287565,e20051397201021118904d81
120,1,21,5519885,e20051397201021118904d81
130,0,0,0,e20051397201021118904d81
140,0,0,0,e20051397201021118904d81
150,0,0,0,e20051397201021118904d81
160,0,0,0,e20051397201021118904d81
170,0,0,0,e20051397201021118904d81
180,0,0,0,e20051397201021118904d81
190,0,0,0,e20051397201021118904d81
200,0,0,0,e20051397201021118904d81
10,1,190,16529165,e20051397201021118904d81
20,1,221,11287565,e20051397201021118904d81
30,1,187,5519885,e20051397201021118904d81
40,1,170,10761485,e20051397201021118904d81
50,1,164,16529165,e20051397201021118904d81
60,1,135,11287565,e20051397201021118904d81
70,1,119,5519885,e20051397201021118904d81
80,1,119,10761485,e20051397201021118904d81
90,1,39,16529165,e20051397201021118904d81
100,1,37,11287565,e20051397201021118904d81
110,1,112,5519885,e20051397201021118904d81
120,0,0,0,e20051397201021118904d81
130,0,0,0,e20051397201021118904d81
140,0,0,0,e20051397201021118904d81
150,0,0,0,e20051397201021118904d81
160,0,0,0,e20051397201021118904d81
170,0,0,0,e20051397201021118904d81
180,0,0,0,e20051397201021118904d81
190,0,0,0,e20051397201021118904d81
200,0,0,0,e20051397201021118904d81
10,1,237,5519885,e20051397201021118904d81
20,1,236,10761485,e20051397201021118904d81
30,1,220,16529165,e20051397201021118904d81
40,1,183,11287565,e20051397201021118904d81
50,1,152,5519885,e20051397201021118904d81
60,1,167,10761485,e20051397201021118904d81
70,1,10,16529165,e20051397201021118904d81
80,1,105,11287565,e20051397201021118904d81
90,1,73,5519885,e20051397201021118904d81
100,1,103,10761485,e20051397201021118904d81
110,1,102,16529165,e20051397201021118904d81
120,1,97,11287565,e20051397201021118904d81
130,0,0,0,e20051397201021118904d81
140,0,0,0,e20051397201021118904d81
150,1,54,16529165,e20051397201021118904d81
160,1,53,11287565,e20051397201021118904d81
170,0,0,0,e20051397201021118904d81
180,0,0,0,e20051397201021118904d81
190,0,0,0,e20051397201021118904d81
200,0,0,0,e20051397201021118904d81
10,1,237,16529165,e20051397201021118904d81
20,1,220,11287565,e20051397201021118904d81
30,1,198,5519885,e20051397201021118904d81
40,1,177,10761485,e20051397201021118904d81
50,1,136,16529165,e20051397201021118904d81
60,1,135,11287565,e20051397201021118904d81
70,1,88,5519885,e20051397201021118904d81
80,1,23,10761485,e20051397201021118904d81
90,1,70,16529165,e20051397201021118904d81
100,1,96,11287565,e20051397201021118904d81
110,1,96,5519885,e20051397201021118904d81
120,1,83,10761485,e20051397201021118904d81
130,0,0,0,e20051397201021118904d81
140,1,54,11287565,e20051397201021118904d81
150,0,0,0,e20051397201021118904d81
160,0,0,0,e20051397201021118904d81
170,0,0,0,e20051397201021118904d81
180,0,0,0,e20051397201021118904d81
190,0,0,0,e20051397201021118904d81
200,0,0,0,e20051397201021118904d81
10,1,236,5519885,e20051397201021018904d85
20,1,234,10761485,e20051397201021018904d85
30,1,218,16529165,e20051397201021018904d85
40,1,184,11287565,e20051397201021018904d85
50,0,0,0,e20051397201021018904d85
60,1,105,10761485,e20051397201021018904d85
70,1,120,16529165,e20051397201021018904d85
80,1,72,11287565,e20051397201021018904d85
90,1,102,5519885,e20051397201021018904d85
100,0,0,0,e20051397201021018904d85
110,1,83,16529165,e20051397201021018904d85
120,0,0,0,e20051397201021018904d85
130,0,0,0,e20051397201021018904d85
140,1,5,10761485,e20051397201021018904d85
150,0,0,0,e20051397201021018904d85
160,1,64,11287565,e20051397201021018904d85
170,0,0,0,e20051397201021018904d85
180,0,0,0,e20051397201021018904d85
190,0,0,0,e20051397201021018904d85
200,0,0,0,e20051397201021018904d85
10,1,191,10761485,e20051397201021018904d85
20,1,222,16529165,e20051397201021018904d85
30,1,203,11287565,e20051397201021018904d85
40,1,201,5519885,e20051397201021018904d85
50,1,176,10761485,e20051397201021018904d85
60,1,148,16529165,e20051397201021018904d85
70,1,89,11287565,e20051397201021018904d85
80,0,0,0,e20051397201021018904d85
90,0,0,0,e20051397201021018904d85
100,1,119,16529165,e20051397201021018904d85
110,0,0,0,e20051397201021018904d85
120,1,80,5519885,e20051397201021018904d85
130,0,0,0,e20051397201021018904d85
140,1,21,16529165,e20051397201021018904d85
150,1,5,11287565,e20051397201021018904d85
160,0,0,0,e20051397201021018904d85
170,0,0,0,e20051397201021018904d85
180,0,0,0,e20051397201021018904d85
190,0,0,0,e20051397201021018904d85
200,0,0,0,e20051397201021018904d85
10,1,253,16529165,e20051397201021018904d85
20,1,235,11287565,e20051397201021018904d85
30,1,218,5519885,e20051397201021018904d85
40,1,193,10761485,e20051397201021018904d85
50,1,167,16529165,e20051397201021018904d85
60,1,151,11287565,e20051397201021018904d85
70,1,57,5519885,e20051397201021018904d85
80,1,23,10761485,e20051397201021018904d85
90,0,0,0,e20051397201021018904d85
100,1,113,11287565,e20051397201021018904d85
110,1,112,5519885,e20051397201021018904d85
120,0,0,0,e20051397201021018904d85
130,0,0,0,e20051397201021018904d85
140,1,21,11287565,e20051397201021018904d85
150,0,0,0,e20051397201021018904d85
160,0,0,0,e20051397201021018904d85
170,0,0,0,e20051397201021018904d85
180,0,0,0,e20051397201021018904d85
190,0,0,0,e20051397201021018904d85
200,0,0,0,e20051397201021018904d85
10,1,237,11287565,e20051397201021018904d85
20,1,205,5519885,e20051397201021018904d85
30,1,198,10761485,e20051397201021018904d85
40,1,167,16529165,e20051397201021018904d85
50,0,0,0,e20051397201021018904d85
60,1,135,5519885,e20051397201021018904d85
70,0,0,0,e20051397201021018904d85
80,1,38,16529165,e20051397201021018904d85
90,0,0,0,e20051397201021018904d85
100,1,97,5519885,e20051397201021018904d85
110,0,0,0,e20051397201021018904d85
120,0,0,0,e20051397201021018904d85
130,0,0,0,e20051397201021018904d85
140,0,0,0,e20051397201021018904d85
150,0,0,0,e20051397201021018904d85
160,0,0,0,e20051397201021018904d85
170,0,0,0,e20051397201021018904d85
180,0,0,0,e20051397201021018904d85
190,0,0,0,e20051397201021018904d85
200,0,0,0,e20051397201021018904d85
10,1,235,10761485,e20051397201021018904d85
20,1,236,16529165,e20051397201021018904d85
30,1,216,11287565,e20051397201021018904d85
40,1,176,5519885,e20051397201021018904d85
50,1,161,10761485,e20051397201021018904d85
60,1,105,16529165,e20051397201021018904d85
70,1,57,11287565,e20051397201021018904d85
80,1,40,5519885,e20051397201021018904d85
90,1,102,10761485,e20051397201021018904d85
100,1,133,16529165,e20051397201021018904d85
110,1,117,11287565,e20051397201021018904d85
120,0,0,0,e20051397201021018904d85
130,0,0,0,e20051397201021018904d85
140,1,53,16529165,e20051397201021018904d85
150,1,5,11287565,e20051397201021018904d85
160,0,0,0,e20051397201021018904d85
170,0,0,0,e20051397201021018904d85
180,0,0,0,e20051397201021018904d85
190,0,0,0,e20051397201021018904d85
200,0,0,0,e20051397201021018904d85
10,1,237,16529165,e20051397201021018904d85
20,1,236,11287565,e20051397201021018904d85
30,1,212,5519885,e20051397201021018904d85
40,1,200,10761485,e20051397201021018904d85
50,1,176,16529165,e20051397201021018904d85
60,0,0,0,e20051397201021018904d85
70,1,9,5519885,e20051397201021018904d85
80,1,40,10761485,e20051397201021018904d85
90,1,39,16529165,e20051397201021018904d85
100,0,0,0,e20051397201021018904d85
110,1,101,5519885,e20051397201021018904d85
120,0,0,0,e20051397201021018904d85
130,0,0,0,e20051397201021018904d85
140,0,0,0,e20051397201021018904d85
150,0,0,0,e20051397201021018904d85
160,0,0,0,e20051397201021018904d85
170,0,0,0,e20051397201021018904d85
180,0,0,0,e20051397201021018904d85
190,0,0,0,e20051397201021018904d85
200,0,0,0,e20051397201021018904d85
10,1,236,11287565,e20051397201021018904d85
20,1,236,5519885,e20051397201021018904d85
30,1,215,10761485,e20051397201021018904d85
40,0,0,0,e20051397201021018904d85
50,1,137,11287565,e20051397201021018904d85
60,1,58,5519885,e20051397201021018904d85
70,1,9,10761485,e20051397201021018904d85
80,1,119,16529165,e20051397201021018904d85
90,1,113,11287565,e20051397201021018904d85
100,1,116,5519885,e20051397201021018904d85
110,1,98,10761485,e20051397201021018904d85
120,0,0,0,e20051397201021018904d85
130,0,0,0,e20051397201021018904d85
140,0,0,0,e20051397201021018904d85
150,0,0,0,e20051397201021018904d85
160,0,0,0,e20051397201021018904d85
170,0,0,0,e20051397201021018904d85
180,0,0,0,e20051397201021018904d85
190,0,0,0,e20051397201021018904d85
200,0,0,0,e20051397201021018904d85
10,1,236,5519885,e20051397201021018904d85
20,1,221,10761485,e20051397201021018904d85
30,1,210,16529165,e20051397201021018904d85
40,1,197,11287565,e20051397201021018904d85
50,1,168,5519885,e20051397201021018904d85
60,0,0,0,e20051397201021018904d85
70,1,73,16529165,e20051397201021018904d85
80,1,103,11287565,e20051397201021018904d85
90,1,101,5519885,e20051397201021018904d85
100,1,100,10761485,e20051397201021018904d85
110,1,80,16529165,e20051397201021018904d85
120,0,0,0,e20051397201021018904d85
130,1,6,5519885,e20051397201021018904d85
140,1,69,10761485,e20051397201021018904d85
150,0,0,0,e20051397201021018904d85
160,0,0,0,e20051397201021018904d85
170,0,0,0,e20051397201021018904d85
180,0,0,0,e20051397201021018904d85
190,0,0,0,e20051397201021018904d85
200,0,0,0,e20051397201021018904d85
10,1,237,5519885,e20051397201021018904d85
20,1,220,10761485,e20051397201021018904d85
30,1,197,16529165,e20051397201021018904d85
40,1,181,11287565,e20051397201021018904d85
50,1,167,5519885,e20051397201021018904d85
60,1,137,10761485,e20051397201021018904d85
70,1,120,16529165,e20051397201021018904d85
80,0,0,0,e20051397201021018904d85
90,1,118,5519885,e20051397201021018904d85
100,1,113,10761485,e20051397201021018904d85
110,1,96,16529165,e20051397201021018904d85
120,1,98,11287565,e20051397201021018904d85
130,0,0,0,e20051397201021018904d85
140,0,0,0,e20051397201021018904d85
150,0,0,0,e20051397201021018904d85
160,0,0,0,e20051397201021018904d85
170,0,0,0,e20051397201021018904d85
180,0,0,0,e20051397201021018904d85
190,0,0,0,e20051397201021018904d85
200,0,0,0,e20051397201021018904d85
10,1,237,5519885,e20051397201021018904d85
20,1,221,10761485,e20051397201021018904d85
30,1,211,16529165,e20051397201021018904d85
40,1,198,11287565,e20051397201021018904d85
50,1,123,5519885,e20051397201021018904d85
60,1,122,10761485,e20051397201021018904d85
70,1,72,16529165,e20051397201021018904d85
80,1,132,11287565,e20051397201021018904d85
90,1,128,5519885,e20051397201021018904d85
100,1,117,10761485,e20051397201021018904d85
110,1,112,16529165,e20051397201021018904d85
120,1,99,11287565,e20051397201021018904d85
130,0,0,0,e20051397201021018904d85
140,1,6,10761485,e20051397201021018904d85
150,0,0,0,e20051397201021018904d85
160,1,98,11287565,e20051397201021018904d85
170,0,0,0,e20051397201021018904d85
180,0,0,0,e20051397201021018904d85
190,0,0,0,e20051397201021018904d85
200,0,0,0,e20051397201021018904d85
10,1,252,5519885,e20051397201015918904e51
20,1,234,10761485,e20051397201015918904e51
30,1,201,16529165,e20051397201015918904e51
40,1,169,11287565,e20051397201015918904e51
50,1,10,5519885,e20051397201015918904e51
60,1,90,10761485,e20051397201015918904e51
70,1,89,16529165,e20051397201015918904e51
80,1,133,11287565,e20051397201015918904e51
90,1,114,5519885,e20051397201015918904e51
100,1,101,10761485,e20051397201015918904e51
110,0,0,0,e20051397201015918904e51
120,1,6,11287565,e20051397201015918904e51
130,0,0,0,e20051397201015918904e51
140,0,0,0,e20051397201015918904e51
150,0,0,0,e20051397201015918904e51
160,0,0,0,e20051397201015918904e51
170,0,0,0,e20051397201015918904e51
180,0,0,0,e20051397201015918904e51
190,0,0,0,e20051397201015918904e51
200,0,0,0,e20051397201015918904e51
10,1,237,5519885,e20051397201015918904e51
20,1,236,10761485,e20051397201015918904e51
30,1,214,16529165,e20051397201015918904e51
40,1,91,11287565,e20051397201015918904e51
50,1,42,5519885,e20051397201015918904e51
60,1,121,10761485,e20051397201015918904e51
70,0,0,0,e20051397201015918904e51
80,1,116,11287565,e20051397201015918904e51
90,1,112,5519885,e20051397201015918904e51
100,1,102,10761485,e20051397201015918904e51
110,1,83,16529165,e20051397201015918904e51
120,1,37,11287565,e20051397201015918904e51
130,0,0,0,e20051397201015918904e51
140,0,0,0,e20051397201015918904e51
150,0,0,0,e20051397201015918904e51
160,0,0,0,e20051397201015918904e51
170,0,0,0,e20051397201015918904e51
180,0,0,0,e20051397201015918904e51
190,0,0,0,e20051397201015918904e51
200,0,0,0,e20051397201015918904e51
10,1,251,10761485,e20051397201015918904e51
20,1,234,16529165,e20051397201015918904e51
30,1,192,11287565,e20051397201015918904e51
40,1,170,5519885,e20051397201015918904e51
50,1,10,10761485,e20051397201015918904e51
60,1,89,16529165,e20051397201015918904e51
70,1,135,11287565,e20051397201015918904e51
80,1,133,5519885,e20051397201015918904e51
90,1,118,10761485,e20051397201015918904e51
100,1,96,16529165,e20051397201015918904e51
110,1,80,11287565,e20051397201015918904e51
120,1,21,5519885,e20051397201015918904e51
130,0,0,0,e20051397201015918904e51
140,0,0,0,e20051397201015918904e51
150,1,38,11287565,e20051397201015918904e51
160,0,0,0,e20051397201015918904e51
170,0,0,0,e20051397201015918904e51
180,0,0,0,e20051397201015918904e51
190,0,0,0,e20051397201015918904e51
200,0,0,0,e20051397201015918904e51
10,1,207,5519885,e20051397201015918904e51
20,1,190,10761485,e20051397201015918904e51
30,1,188,16529165,e20051397201015918904e51
40,1,176,11287565,e20051397201015918904e51
50,1,177,5519885,e20051397201015918904e51
60,1,145,10761485,e20051397201015918904e51
70,1,57,16529165,e20051397201015918904e51
80,1,40,11287565,e20051397201015918904e51
90,1,71,5519885,e20051397201015918904e51
100,1,112,10761485,e20051397201015918904e51
110,1,112,16529165,e20051397201015918904e51
120,1,96,11287565,e20051397201015918904e51
130,0,0,0,e20051397201015918904e51
140,1,53,10761485,e20051397201015918904e51
150,1,37,16529165,e20051397201015918904e51
160,0,0,0,e20051397201015918904e51
170,0,0,0,e20051397201015918904e51
180,0,0,0,e20051397201015918904e51
190,0,0,0,e20051397201015918904e51
200,0,0,0,e20051397201015918904e51
10,1,222,5519885,e20051397201015918904e51
20,1,205,10761485,e20051397201015918904e51
30,1,196,16529165,e20051397201015918904e51
40,1,178,11287565,e20051397201015918904e51
50,1,122,5519885,e20051397201015918904e51
60,1,120,10761485,e20051397201015918904e51
70,1,72,16529165,e20051397201015918904e51
80,1,103,11287565,e20051397201015918904e51
90,1,101,5519885,e20051397201015918904e51
100,1,102,10761485,e20051397201015918904e51
110,0,0,0,e20051397201015918904e51
120,0,0,0,e20051397201015918904e51
130,0,0,0,e20051397201015918904e51
140,0,0,0,e20051397201015918904e51
150,0,0,0,e20051397201015918904e51
160,1,64,11287565,e20051397201015918904e51
170,0,0,0,e20051397201015918904e51
180,0,0,0,e20051397201015918904e51
190,0,0,0,e20051397201015918904e51
200,0,0,0,e20051397201015918904e51
10,1,251,5519885,e20051397201015918904e51
20,1,235,10761485,e20051397201015918904e51
30,1,198,16529165,e20051397201015918904e51
40,1,184,11287565,e20051397201015918904e51
50,1,154,5519885,e20051397201015918904e51
60,1,120,10761485,e20051397201015918904e51
70,1,88,16529165,e20051397201015918904e51
80,1,119,11287565,e20051397201015918904e51
90,1,130,5519885,e20051397201015918904e51
100,1,128,10761485,e20051397201015918904e51
110,0,0,0,e20051397201015918904e51
120,1,85,11287565,e20051397201015918904e51
130,1,52,5519885,e20051397201015918904e51
140,1,38,10761485,e20051397201015918904e51
150,1,22,16529165,e20051397201015918904e51
160,0,0,0,e20051397201015918904e51
170,0,0,0,e20051397201015918904e51
180,0,0,0,e20051397201015918904e51
190,0,0,0,e20051397201015918904e51
200,0,0,0,e20051397201015918904e51
10,1,237,10761485,e20051397201015918904e51
20,1,205,16529165,e20051397201015918904e51
30,1,218,11287565,e20051397201015918904e51
40,0,0,0,e20051397201015918904e51
50,1,10,10761485,e20051397201015918904e51
60,1,89,16529165,e20051397201015918904e51
70,1,120,11287565,e20051397201015918904e51
80,1,88,5519885,e20051397201015918904e51
90,1,96,10761485,e20051397201015918904e51
100,1,98,16529165,e20051397201015918904e51
110,1,84,11287565,e20051397201015918904e51
120,0,0,0,e20051397201015918904e51
130,0,0,0,e20051397201015918904e51
140,0,0,0,e20051397201015918904e51
150,0,0,0,e20051397201015918904e51
160,0,0,0,e20051397201015918904e51
170,0,0,0,e20051397201015918904e51
180,0,0,0,e20051397201015918904e51
190,0,0,0,e20051397201015918904e51
200,0,0,0,e20051397201015918904e51
10,1,234,11287565,e20051397201015918904e51
20,1,236,5519885,e20051397201015918904e51
30,1,203,10761485,e20051397201015918904e51
40,1,182,16529165,e20051397201015918904e51
50,1,106,11287565,e20051397201015918904e51
60,1,89,5519885,e20051397201015918904e51
70,1,40,10761485,e20051397201015918904e51
80,1,86,16529165,e20051397201015918904e51
90,1,115,11287565,e20051397201015918904e51
100,0,0,0,e20051397201015918904e51
110,1,80,10761485,e20051397201015918904e51
120,0,0,0,e20051397201015918904e51
130,1,6,11287565,e20051397201015918904e51
140,1,22,5519885,e20051397201015918904e51
150,1,36,10761485,e20051397201015918904e51
160,1,37,16529165,e20051397201015918904e51
170,0,0,0,e20051397201015918904e51
180,0,0,0,e20051397201015918904e51
190,0,0,0,e20051397201015918904e51
200,0,0,0,e20051397201015918904e51
10,1,206,5519885,e20051397201015918904e51
20,1,206,10761485,e20051397201015918904e51
30,1,204,16529165,e20051397201015918904e51
40,1,183,11287565,e20051397201015918904e51
50,1,151,5519885,e20051397201015918904e51
60,1,135,10761485,e20051397201015918904e51
70,1,56,16529165,e20051397201015918904e51
80,1,8,11287565,e20051397201015918904e51
90,1,118,5519885,e20051397201015918904e51
100,1,116,10761485,e20051397201015918904e51
110,1,128,16529165,e20051397201015918904e51
120,1,115,11287565,e20051397201015918904e51
130,1,54,5519885,e20051397201015918904e51
140,1,38,10761485,e20051397201015918904e51
150,1,21,16529165,e20051397201015918904e51
160,0,0,0,e20051397201015918904e51
170,0,0,0,e20051397201015918904e51
180,0,0,0,e20051397201015918904e51
190,0,0,0,e20051397201015918904e51
200,0,0,0,e20051397201015918904e51
10,1,175,10761485,e20051397201015918904e51
20,1,205,16529165,e20051397201015918904e51
30,1,188,11287565,e20051397201015918904e51
40,0,0,0,e20051397201015918904e51
50,1,165,10761485,e20051397201015918904e51
60,1,151,16529165,e20051397201015918904e51
70,1,40,11287565,e20051397201015918904e51
80,1,7,5519885,e20051397201015918904e51
90,0,0,0,e20051397201015918904e51
100,1,132,16529165,e20051397201015918904e51
110,1,116,11287565,e20051397201015918904e51
120,1,112,5519885,e20051397201015918904e51
130,0,0,0,e20051397201015918904e51
140,1,22,16529165,e20051397201015918904e51
150,1,5,11287565,e20051397201015918904e51
160,0,0,0,e20051397201015918904e51
170,0,0,0,e20051397201015918904e51
180,0,0,0,e20051397201015918904e51
190,0,0,0,e20051397201015918904e51
200,0,0,0,e20051397201015918904e51
10,1,127,16529165,e20051397201015618904e5d
20,1,221,11287565,e20051397201015618904e5d
30,1,204,5519885,e20051397201015618904e5d
40,1,200,10761485,e20051397201015618904e5d
50,1,168,16529165,e20051397201015618904e5d
60,1,137,11287565,e20051397201015618904e5d
70,0,0,0,e20051397201015618904e5d
80,1,103,10761485,e20051397201015618904e5d
90,1,119,16529165,e20051397201015618904e5d
100,1,86,11287565,e20051397201015618904e5d
110,1,97,5519885,e20051397201015618904e5d
120,1,80,10761485,e20051397201015618904e5d
130,0,0,0,e20051397201015618904e5d
140,0,0,0,e20051397201015618904e5d
150,1,37,5519885,e20051397201015618904e5d
160,0,0,0,e20051397201015618904e5d
170,0,0,0,e20051397201015618904e5d
180,0,0,0,e20051397201015618904e5d
190,0,0,0,e20051397201015618904e5d
200,0,0,0,e20051397201015618904e5d
10,1,222,11287565,e20051397201015618904e5d
20,1,221,5519885,e20051397201015618904e5d
30,1,215,10761485,e20051397201015618904e5d
40,1,198,16529165,e20051397201015618904e5d
50,1,136,11287565,e20051397201015618904e5d
60,1,89,5519885,e20051397201015618904e5d
70,1,88,10761485,e20051397201015618904e5d
80,1,24,16529165,e20051397201015618904e5d
90,1,99,11287565,e20051397201015618904e5d
100,1,101,5519885,e20051397201015618904e5d
110,0,0,0,e20051397201015618904e5d
120,0,0,0,e20051397201015618904e5d
130,0,0,0,e20051397201015618904e5d
140,0,0,0,e20051397201015618904e5d
150,0,0,0,e20051397201015618904e5d
160,0,0,0,e20051397201015618904e5d
170,0,0,0,e20051397201015618904e5d
180,0,0,0,e20051397201015618904e5d
190,0,0,0,e20051397201015618904e5d
200,0,0,0,e20051397201015618904e5d
10,1,237,5519885,e20051397201015618904e5d
20,1,220,10761485,e20051397201015618904e5d
30,1,218,16529165,e20051397201015618904e5d
40,1,192,11287565,e20051397201015618904e5d
50,1,153,5519885,e20051397201015618904e5d
60,1,25,10761485,e20051397201015618904e5d
70,1,25,16529165,e20051397201015618904e5d
80,1,102,11287565,e20051397201015618904e5d
90,1,128,5519885,e20051397201015618904e5d
100,1,112,10761485,e20051397201015618904e5d
110,0,0,0,e20051397201015618904e5d
120,1,101,11287565,e20051397201015618904e5d
130,0,0,0,e20051397201015618904e5d
140,1,22,10761485,e20051397201015618904e5d
150,0,0,0,e20051397201015618904e5d
160,1,98,11287565,e20051397201015618904e5d
170,0,0,0,e20051397201015618904e5d
180,0,0,0,e20051397201015618904e5d
190,0,0,0,e20051397201015618904e5d
200,0,0,0,e20051397201015618904e5d
10,1,234,10761485,e20051397201015618904e5d
20,1,235,16529165,e20051397201015618904e5d
30,1,195,11287565,e20051397201015618904e5d
40,1,139,5519885,e20051397201015618904e5d
50,1,91,10761485,e20051397201015618904e5d
60,1,73,16529165,e20051397201015618904e5d
70,1,120,11287565,e20051397201015618904e5d
80,1,112,5519885,e20051397201015618904e5d
90,1,112,10761485,e20051397201015618904e5d
100,0,0,0,e20051397201015618904e5d
110,0,0,0,e20051397201015618904e5d
120,0,0,0,e20051397201015618904e5d
130,1,37,10761485,e20051397201015618904e5d
140,1,54,16529165,e20051397201015618904e5d
150,1,69,11287565,e20051397201015618904e5d
160,0,0,0,e20051397201015618904e5d
170,0,0,0,e20051397201015618904e5d
180,0,0,0,e20051397201015618904e5d
190,0,0,0,e20051397201015618904e5d
200,0,0,0,e20051397201015618904e5d
10,1,251,16529165,e20051397201015618904e5d
20,1,235,11287565,e20051397201015618904e5d
30,1,192,5519885,e20051397201015618904e5d
40,0,0,0,e20051397201015618904e5d
50,1,90,16529165,e20051397201015618904e5d
60,1,90,11287565,e20051397201015618904e5d
70,1,41,5519885,e20051397201015618904e5d
80,1,88,10761485,e20051397201015618904e5d
90,1,100,16529165,e20051397201015618904e5d
100,1,85,11287565,e20051397201015618904e5d
110,1,96,5519885,e20051397201015618904e5d
120,0,0,0,e20051397201015618904e5d
130,1,5,16529165,e20051397201015618904e5d
140,1,22,11287565,e20051397201015618904e5d
150,0,0,0,e20051397201015618904e5d
160,0,0,0,e20051397201015618904e5d
170,0,0,0,e20051397201015618904e5d
180,0,0,0,e20051397201015618904e5d
190,0,0,0,e20051397201015618904e5d
200,0,0,0,e20051397201015618904e5d
10,1,236,11287565,e20051397201015618904e5d
20,1,236,5519885,e20051397201015618904e5d
30,1,216,10761485,e20051397201015618904e5d
40,1,170,16529165,e20051397201015618904e5d
50,0,0,0,e20051397201015618904e5d
60,1,105,5519885,e20051397201015618904e5d
70,1,120,10761485,e20051397201015618904e5d
80,1,118,16529165,e20051397201015618904e5d
90,1,128,11287565,e20051397201015618904e5d
100,1,96,5519885,e20051397201015618904e5d
110,0,0,0,e20051397201015618904e5d
120,1,38,16529165,e20051397201015618904e5d
130,1,22,11287565,e20051397201015618904e5d
140,1,69,5519885,e20051397201015618904e5d
150,0,0,0,e20051397201015618904e5d
160,0,0,0,e20051397201015618904e5d
170,0,0,0,e20051397201015618904e5d
180,0,0,0,e20051397201015618904e5d
190,0,0,0,e20051397201015618904e5d
200,0,0,0,e20051397201015618904e5d
10,1,253,5519885,e20051397201015618904e5d
20,1,234,10761485,e20051397201015618904e5d
30,1,208,16529165,e20051397201015618904e5d
40,1,184,11287565,e20051397201015618904e5d
50,0,0,0,e20051397201015618904e5d
60,1,59,10761485,e20051397201015618904e5d
70,1,104,16529165,e20051397201015618904e5d
80,1,130,11287565,e20051397201015618904e5d
90,1,21,5519885,e20051397201015618904e5d
100,1,39,10761485,e20051397201015618904e5d
110,0,0,0,e20051397201015618904e5d
120,1,22,11287565,e20051397201015618904e5d
130,1,80,5519885,e20051397201015618904e5d
140,0,0,0,e20051397201015618904e5d
150,1,82,16529165,e20051397201015618904e5d
160,1,96,11287565,e20051397201015618904e5d
170,0,0,0,e20051397201015618904e5d
180,0,0,0,e20051397201015618904e5d
190,0,0,0,e20051397201015618904e5d
200,0,0,0,e20051397201015618904e5d
10,1,238,10761485,e20051397201015618904e5d
20,1,224,16529165,e20051397201015618904e5d
30,1,208,11287565,e20051397201015618904e5d
40,0,0,0,e20051397201015618904e5d
50,1,105,10761485,e20051397201015618904e5d
60,1,41,16529165,e20051397201015618904e5d
70,1,118,11287565,e20051397201015618904e5d
80,1,114,5519885,e20051397201015618904e5d
90,1,130,10761485,e20051397201015618904e5d
100,1,130,16529165,e20051397201015618904e5d
110,1,83,11287565,e20051397201015618904e5d
120,0,0,0,e20051397201015618904e5d
130,1,6,10761485,e20051397201015618904e5d
140,1,53,16529165,e20051397201015618904e5d
150,1,99,11287565,e20051397201015618904e5d
160,1,80,5519885,e20051397201015618904e5d
170,1,82,10761485,e20051397201015618904e5d
180,0,0,0,e20051397201015618904e5d
190,0,0,0,e20051397201015618904e5d
200,0,0,0,e20051397201015618904e5d
10,1,222,16529165,e20051397201015618904e5d
20,1,237,11287565,e20051397201015618904e5d
30,1,214,5519885,e20051397201015618904e5d
40,1,185,10761485,e20051397201015618904e5d
50,1,169,16529165,e20051397201015618904e5d
60,1,58,11287565,e20051397201015618904e5d
70,1,25,5519885,e20051397201015618904e5d
80,1,88,10761485,e20051397201015618904e5d
90,1,98,16529165,e20051397201015618904e5d
100,1,98,11287565,e20051397201015618904e5d
110,1,85,5519885,e20051397201015618904e5d
120,1,70,10761485,e20051397201015618904e5d
130,1,6,16529165,e20051397201015618904e5d
140,0,0,0,e20051397201015618904e5d
150,1,86,5519885,e20051397201015618904e5d
160,0,0,0,e20051397201015618904e5d
170,0,0,0,e20051397201015618904e5d
180,0,0,0,e20051397201015618904e5d
190,0,0,0,e20051397201015618904e5d
200,0,0,0,e20051397201015618904e5d
10,1,235,11287565,e20051397201015618904e5d
20,1,230,5519885,e20051397201015618904e5d
30,1,201,10761485,e20051397201015618904e5d
40,1,171,16529165,e20051397201015618904e5d
50,1,91,11287565,e20051397201015618904e5d
60,1,106,5519885,e20051397201015618904e5d
70,1,89,10761485,e20051397201015618904e5d
80,1,104,16529165,e20051397201015618904e5d
90,1,114,11287565,e20051397201015618904e5d
100,1,102,5519885,e20051397201015618904e5d
110,1,22,10761485,e20051397201015618904e5d
120,1,70,16529165,e20051397201015618904e5d
130,1,37,11287565,e20051397201015618904e5d
140,1,69,5519885,e20051397201015618904e5d
150,0,0,0,e20051397201015618904e5d
160,1,81,16529165,e20051397201015618904e5d
170,0,0,0,e20051397201015618904e5d
180,0,0,0,e20051397201015618904e5d
190,0,0,0,e20051397201015618904e5d
200,0,0,0,e20051397201015618904e5d
10,1,230,5519885,e20051397201015318904e69
20,1,225,10761485,e20051397201015318904e69
30,1,200,16529165,e20051397201015318904e69
40,1,107,11287565,e20051397201015318904e69
50,1,106,5519885,e20051397201015318904e69
60,1,104,10761485,e20051397201015318904e69
70,1,120,16529165,e20051397201015318904e69
80,1,128,11287565,e20051397201015318904e69
90,1,133,5519885,e20051397201015318904e69
100,1,96,10761485,e20051397201015318904e69
110,1,99,16529165,e20051397201015318904e69
120,1,67,11287565,e20051397201015318904e69
130,1,52,5519885,e20051397201015318904e69
140,1,22,10761485,e20051397201015318904e69
150,1,22,16529165,e20051397201015318904e69
160,0,0,0,e20051397201015318904e69
170,1,82,5519885,e20051397201015318904e69
180,0,0,0,e20051397201015318904e69
190,1,80,16529165,e20051397201015318904e69
200,0,0,0,e20051397201015318904e69
10,1,234,5519885,e20051397201015318904e69
20,1,208,10761485,e20051397201015318904e69
30,1,192,16529165,e20051397201015318904e69
40,1,136,11287565,e20051397201015318904e69
50,1,73,5519885,e20051397201015318904e69
60,1,25,10761485,e20051397201015318904e69
70,1,103,16529165,e20051397201015318904e69
80,1,99,11287565,e20051397201015318904e69
90,1,96,5519885,e20051397201015318904e69
100,1,112,10761485,e20051397201015318904e69
110,1,102,16529165,e20051397201015318904e69
120,1,55,11287565,e20051397201015318904e69
130,1,39,5519885,e20051397201015318904e69
140,0,0,0,e20051397201015318904e69
150,0,0,0,e20051397201015318904e69
160,0,0,0,e20051397201015318904e69
170,0,0,0,e20051397201015318904e69
180,0,0,0,e20051397201015318904e69
190,0,0,0,e20051397201015318904e69
200,0,0,0,e20051397201015318904e69
10,1,235,16529165,e20051397201015318904e69
20,1,218,11287565,e20051397201015318904e69
30,1,200,5519885,e20051397201015318904e69
40,1,169,10761485,e20051397201015318904e69
50,1,105,16529165,e20051397201015318904e69
60,1,41,11287565,e20051397201015318904e69
70,1,136,5519885,e20051397201015318904e69
80,1,119,10761485,e20051397201015318904e69
90,1,116,16529165,e20051397201015318904e69
100,1,100,11287565,e20051397201015318904e69
110,0,0,0,e20051397201015318904e69
120,1,22,10761485,e20051397201015318904e69
130,1,38,16529165,e20051397201015318904e69
140,1,101,11287565,e20051397201015318904e69
150,0,0,0,e20051397201015318904e69
160,0,0,0,e20051397201015318904e69
170,0,0,0,e20051397201015318904e69
180,0,0,0,e20051397201015318904e69
190,0,0,0,e20051397201015318904e69
200,0,0,0,e20051397201015318904e69
10,1,237,11287565,e20051397201015318904e69
20,1,236,5519885,e20051397201015318904e69
30,1,202,10761485,e20051397201015318904e69
40,1,154,16529165,e20051397201015318904e69
50,1,138,11287565,e20051397201015318904e69
60,1,74,5519885,e20051397201015318904e69
70,1,41,10761485,e20051397201015318904e69
80,1,104,16529165,e20051397201015318904e69
90,1,135,11287565,e20051397201015318904e69
100,1,119,5519885,e20051397201015318904e69
110,1,101,10761485,e20051397201015318904e69
120,1,82,16529165,e20051397201015318904e69
130,0,0,0,e20051397201015318904e69
140,1,101,5519885,e20051397201015318904e69
150,1,21,10761485,e20051397201015318904e69
160,0,0,0,e20051397201015318904e69
170,0,0,0,e20051397201015318904e69
180,0,0,0,e20051397201015318904e69
190,0,0,0,e20051397201015318904e69
200,0,0,0,e20051397201015318904e69
10,1,222,10761485,e20051397201015318904e69
20,1,219,16529165,e20051397201015318904e69
30,1,192,11287565,e20051397201015318904e69
40,1,185,5519885,e20051397201015318904e69
50,1,138,10761485,e20051397201015318904e69
60,1,25,16529165,e20051397201015318904e69
70,1,132,11287565,e20051397201015318904e69
80,1,112,5519885,e20051397201015318904e69
90,1,96,10761485,e20051397201015318904e69
100,1,97,16529165,e20051397201015318904e69
110,0,0,0,e20051397201015318904e69
120,1,21,5519885,e20051397201015318904e69
130,0,0,0,e20051397201015318904e69
140,0,0,0,e20051397201015318904e69
150,0,0,0,e20051397201015318904e69
160,1,82,5519885,e20051397201015318904e69
170,0,0,0,e20051397201015318904e69
180,0,0,0,e20051397201015318904e69
190,0,0,0,e20051397201015318904e69
200,0,0,0,e20051397201015318904e69
10,1,235,11287565,e20051397201015318904e69
20,1,216,5519885,e20051397201015318904e69
30,1,187,10761485,e20051397201015318904e69
40,1,11,16529165,e20051397201015318904e69
50,1,10,11287565,e20051397201015318904e69
60,1,136,5519885,e20051397201015318904e69
70,1,128,10761485,e20051397201015318904e69
80,1,128,16529165,e20051397201015318904e69
90,1,131,11287565,e20051397201015318904e69
100,1,23,5519885,e20051397201015318904e69
110,1,7,10761485,e20051397201015318904e69
120,1,71,16529165,e20051397201015318904e69
130,0,0,0,e20051397201015318904e69
140,1,98,5519885,e20051397201015318904e69
150,0,0,0,e20051397201015318904e69
160,0,0,0,e20051397201015318904e69
170,0,0,0,e20051397201015318904e69
180,0,0,0,e20051397201015318904e69
190,0,0,0,e20051397201015318904e69
200,0,0,0,e20051397201015318904e69
10,1,236,5519885,e20051397201015318904e69
20,1,235,10761485,e20051397201015318904e69
30,1,211,16529165,e20051397201015318904e69
40,1,195,11287565,e20051397201015318904e69
50,1,153,5519885,e20051397201015318904e69
60,1,104,10761485,e20051397201015318904e69
70,1,88,16529165,e20051397201015318904e69
80,1,54,11287565,e20051397201015318904e69
90,1,83,5519885,e20051397201015318904e69
100,1,96,10761485,e20051397201015318904e69
110,1,98,16529165,e20051397201015318904e69
120,1,98,11287565,e20051397201015318904e69
130,0,0,0,e20051397201015318904e69
140,0,0,0,e20051397201015318904e69
150,0,0,0,e20051397201015318904e69
160,0,0,0,e20051397201015318904e69
170,0,0,0,e20051397201015318904e69
180,0,0,0,e20051397201015318904e69
190,0,0,0,e20051397201015318904e69
200,0,0,0,e20051397201015318904e69
10,1,79,10761485,e20051397201015318904e69
20,1,215,16529165,e20051397201015318904e69
30,1,176,11287565,e20051397201015318904e69
40,1,151,5519885,e20051397201015318904e69
50,1,136,10761485,e20051397201015318904e69
60,1,121,16529165,e20051397201015318904e69
70,1,72,11287565,e20051397201015318904e69
80,1,7,5519885,e20051397201015318904e69
90,1,71,10761485,e20051397201015318904e69
100,0,0,0,e20051397201015318904e69
110,0,0,0,e20051397201015318904e69
120,0,0,0,e20051397201015318904e69
130,0,0,0,e20051397201015318904e69
140,0,0,0,e20051397201015318904e69
150,0,0,0,e20051397201015318904e69
160,0,0,0,e20051397201015318904e69
170,0,0,0,e20051397201015318904e69
180,0,0,0,e20051397201015318904e69
190,0,0,0,e20051397201015318904e69
200,0,0,0,e20051397201015318904e69
10,1,222,16529165,e20051397201015318904e69
20,1,205,11287565,e20051397201015318904e69
30,1,217,5519885,e20051397201015318904e69
40,1,168,10761485,e20051397201015318904e69
50,1,137,16529165,e20051397201015318904e69
60,1,41,11287565,e20051397201015318904e69
70,1,72,5519885,e20051397201015318904e69
80,1,136,10761485,e20051397201015318904e69
90,1,119,16529165,e20051397201015318904e69
100,1,113,11287565,e20051397201015318904e69
110,0,0,0,e20051397201015318904e69
120,0,0,0,e20051397201015318904e69
130,0,0,0,e20051397201015318904e69
140,1,37,11287565,e20051397201015318904e69
150,0,0,0,e20051397201015318904e69
160,0,0,0,e20051397201015318904e69
170,0,0,0,e20051397201015318904e69
180,0,0,0,e20051397201015318904e69
190,0,0,0,e20051397201015318904e69
200,0,0,0,e20051397201015318904e69
10,1,222,11287565,e20051397201015318904e69
20,1,220,5519885,e20051397201015318904e69
30,1,203,10761485,e20051397201015318904e69
40,1,180,16529165,e20051397201015318904e69
50,1,137,11287565,e20051397201015318904e69
60,1,121,5519885,e20051397201015318904e69
70,1,55,10761485,e20051397201015318904e69
80,0,0,0,e20051397201015318904e69
90,1,96,11287565,e20051397201015318904e69
100,1,96,5519885,e20051397201015318904e69
110,1,65,10761485,e20051397201015318904e69
120,0,0,0,e20051397201015318904e69
130,0,0,0,e20051397201015318904e69
140,0,0,0,e20051397201015318904e69
150,0,0,0,e20051397201015318904e69
160,0,0,0,e20051397201015318904e69
170,0,0,0,e20051397201015318904e69
180,0,0,0,e20051397201015318904e69
190,0,0,0,e20051397201015318904e69
200,0,0,0,e20051397201015318904e69
10,1,251,5519885,e20051397201015718904e59
20,1,228,10761485,e20051397201015718904e59
30,1,216,16529165,e20051397201015718904e59
40,1,170,11287565,e20051397201015718904e59
50,1,122,5519885,e20051397201015718904e59
60,1,25,10761485,e20051397201015718904e59
70,1,71,16529165,e20051397201015718904e59
80,1,115,11287565,e20051397201015718904e59
90,1,115,5519885,e20051397201015718904e59
100,1,98,10761485,e20051397201015718904e59
110,1,102,16529165,e20051397201015718904e59
120,1,24,11287565,e20051397201015718904e59
130,1,85,5519885,e20051397201015718904e59
140,0,0,0,e20051397201015718904e59
150,0,0,0,e20051397201015718904e59
160,0,0,0,e20051397201015718904e59
170,0,0,0,e20051397201015718904e59
180,0,0,0,e20051397201015718904e59
190,0,0,0,e20051397201015718904e59
200,0,0,0,e20051397201015718904e59
10,1,237,11287565,e20051397201015718904e59
20,1,224,5519885,e20051397201015718904e59
30,1,210,10761485,e20051397201015718904e59
40,1,182,16529165,e20051397201015718904e59
50,1,152,11287565,e20051397201015718904e59
60,1,73,5519885,e20051397201015718904e59
70,1,56,10761485,e20051397201015718904e59
80,1,103,16529165,e20051397201015718904e59
90,1,113,11287565,e20051397201015718904e59
100,0,0,0,e20051397201015718904e59
110,0,0,0,e20051397201015718904e59
120,0,0,0,e20051397201015718904e59
130,0,0,0,e20051397201015718904e59
140,0,0,0,e20051397201015718904e59
150,1,80,10761485,e20051397201015718904e59
160,1,80,16529165,e20051397201015718904e59
170,0,0,0,e20051397201015718904e59
180,0,0,0,e20051397201015718904e59
190,0,0,0,e20051397201015718904e59
200,0,0,0,e20051397201015718904e59
10,1,237,11287565,e20051397201015718904e59
20,1,220,5519885,e20051397201015718904e59
30,1,201,10761485,e20051397201015718904e59
40,1,168,16529165,e20051397201015718904e59
50,1,137,11287565,e20051397201015718904e59
60,1,26,5519885,e20051397201015718904e59
70,1,24,10761485,e20051397201015718904e59
80,1,134,16529165,e20051397201015718904e59
90,1,116,11287565,e20051397201015718904e59
100,1,114,5519885,e20051397201015718904e59
110,1,82,10761485,e20051397201015718904e59
120,0,0,0,e20051397201015718904e59
130,0,0,0,e20051397201015718904e59
140,0,0,0,e20051397201015718904e59
150,0,0,0,e20051397201015718904e59
160,0,0,0,e20051397201015718904e59
170,0,0,0,e20051397201015718904e59
180,0,0,0,e20051397201015718904e59
190,0,0,0,e20051397201015718904e59
200,0,0,0,e20051397201015718904e59
10,1,237,5519885,e20051397201015718904e59
20,1,221,10761485,e20051397201015718904e59
30,1,208,16529165,e20051397201015718904e59
40,1,139,11287565,e20051397201015718904e59
50,1,26,5519885,e20051397201015718904e59
60,1,89,10761485,e20051397201015718904e59
70,1,56,16529165,e20051397201015718904e59
80,1,115,11287565,e20051397201015718904e59
90,1,112,5519885,e20051397201015718904e59
100,1,114,10761485,e20051397201015718904e59
110,1,115,16529165,e20051397201015718904e59
120,1,86,11287565,e20051397201015718904e59
130,1,23,5519885,e20051397201015718904e59
140,1,22,10761485,e20051397201015718904e59
150,1,21,16529165,e20051397201015718904e59
160,1,37,11287565,e20051397201015718904e59
170,0,0,0,e20051397201015718904e59
180,0,0,0,e20051397201015718904e59
190,0,0,0,e20051397201015718904e59
200,0,0,0,e20051397201015718904e59
10,1,222,11287565,e20051397201015718904e59
20,1,220,5519885,e20051397201015718904e59
30,1,202,10761485,e20051397201015718904e59
40,1,176,16529165,e20051397201015718904e59
50,1,152,11287565,e20051397201015718904e59
60,1,121,5519885,e20051397201015718904e59
70,1,24,10761485,e20051397201015718904e59
80,1,39,16529165,e20051397201015718904e59
90,0,0,0,e20051397201015718904e59
100,1,81,5519885,e20051397201015718904e59
110,1,80,10761485,e20051397201015718904e59
120,1,21,16529165,e20051397201015718904e59
130,0,0,0,e20051397201015718904e59
140,0,0,0,e20051397201015718904e59
150,0,0,0,e20051397201015718904e59
160,0,0,0,e20051397201015718904e59
170,0,0,0,e20051397201015718904e59
180,0,0,0,e20051397201015718904e59
190,0,0,0,e20051397201015718904e59
200,0,0,0,e20051397201015718904e59
10,1,234,5519885,e20051397201015718904e59
20,1,229,10761485,e20051397201015718904e59
30,1,214,16529165,e20051397201015718904e59
40,1,184,11287565,e20051397201015718904e59
50,1,59,5519885,e20051397201015718904e59
60,1,105,10761485,e20051397201015718904e59
70,1,89,16529165,e20051397201015718904e59
80,1,102,11287565,e20051397201015718904e59
90,1,97,5519885,e20051397201015718904e59
100,1,80,10761485,e20051397201015718904e59
110,1,71,16529165,e20051397201015718904e59
120,1,37,11287565,e20051397201015718904e59
130,0,0,0,e20051397201015718904e59
140,0,0,0,e20051397201015718904e59
150,0,0,0,e20051397201015718904e59
160,0,0,0,e20051397201015718904e59
170,0,0,0,e20051397201015718904e59
180,0,0,0,e20051397201015718904e59
190,0,0,0,e20051397201015718904e59
200,0,0,0,e20051397201015718904e59
10,1,234,10761485,e20051397201015718904e59
20,1,235,16529165,e20051397201015718904e59
30,1,187,11287565,e20051397201015718904e59
40,1,184,5519885,e20051397201015718904e59
50,1,151,10761485,e20051397201015718904e59
60,1,26,16529165,e20051397201015718904e59
70,1,104,11287565,e20051397201015718904e59
80,1,118,5519885,e20051397201015718904e59
90,1,101,10761485,e20051397201015718904e59
100,1,115,16529165,e20051397201015718904e59
110,1,112,11287565,e20051397201015718904e59
120,1,83,5519885,e20051397201015718904e59
130,0,0,0,e20051397201015718904e59
140,0,0,0,e20051397201015718904e59
150,0,0,0,e20051397201015718904e59
160,0,0,0,e20051397201015718904e59
170,0,0,0,e20051397201015718904e59
180,0,0,0,e20051397201015718904e59
190,0,0,0,e20051397201015718904e59
200,0,0,0,e20051397201015718904e59
10,1,206,16529165,e20051397201015718904e59
20,1,219,11287565,e20051397201015718904e59
30,1,198,5519885,e20051397201015718904e59
40,1,163,10761485,e20051397201015718904e59
50,1,152,16529165,e20051397201015718904e59
60,1,104,11287565,e20051397201015718904e59
70,1,87,5519885,e20051397201015718904e59
80,0,0,0,e20051397201015718904e59
90,1,100,16529165,e20051397201015718904e59
100,1,115,11287565,e20051397201015718904e59
110,1,6,5519885,e20051397201015718904e59
120,0,0,0,e20051397201015718904e59
130,1,6,16529165,e20051397201015718904e59
140,1,37,11287565,e20051397201015718904e59
150,0,0,0,e20051397201015718904e59
160,0,0,0,e20051397201015718904e59
170,0,0,0,e20051397201015718904e59
180,0,0,0,e20051397201015718904e59
190,0,0,0,e20051397201015718904e59
200,0,0,0,e20051397201015718904e59
10,1,237,11287565,e20051397201015718904e59
20,1,233,5519885,e20051397201015718904e59
30,1,198,10761485,e20051397201015718904e59
40,1,166,16529165,e20051397201015718904e59
50,1,121,11287565,e20051397201015718904e59
60,1,9,5519885,e20051397201015718904e59
70,1,87,10761485,e20051397201015718904e59
80,1,116,16529165,e20051397201015718904e59
90,1,113,11287565,e20051397201015718904e59
100,0,0,0,e20051397201015718904e59
110,1,7,10761485,e20051397201015718904e59
120,1,38,16529165,e20051397201015718904e59
130,0,0,0,e20051397201015718904e59
140,0,0,0,e20051397201015718904e59
150,0,0,0,e20051397201015718904e59
160,0,0,0,e20051397201015718904e59
170,0,0,0,e20051397201015718904e59
180,0,0,0,e20051397201015718904e59
190,0,0,0,e20051397201015718904e59
200,0,0,0,e20051397201015718904e59
10,1,233,5519885,e20051397201015718904e59
20,1,225,10761485,e20051397201015718904e59
30,1,199,16529165,e20051397201015718904e59
40,1,155,11287565,e20051397201015718904e59
50,1,106,5519885,e20051397201015718904e59
60,1,9,10761485,e20051397201015718904e59
70,1,88,16529165,e20051397201015718904e59
80,1,118,11287565,e20051397201015718904e59
90,1,101,5519885,e20051397201015718904e59
100,1,54,10761485,e20051397201015718904e59
110,1,70,16529165,e20051397201015718904e59
120,1,22,11287565,e20051397201015718904e59
130,0,0,0,e20051397201015718904e59
140,0,0,0,e20051397201015718904e59
150,0,0,0,e20051397201015718904e59
160,0,0,0,e20051397201015718904e59
170,0,0,0,e20051397201015718904e59
180,0,0,0,e20051397201015718904e59
190,0,0,0,e20051397201015718904e59
200,0,0,0,e20051397201015718904e59
10,1,206,10761485,e20051397201020918904d89
20,1,174,16529165,e20051397201020918904d89
30,1,202,11287565,e20051397201020918904d89
40,1,178,5519885,e20051397201020918904d89
50,1,145,10761485,e20051397201020918904d89
60,1,128,16529165,e20051397201020918904d89
70,1,135,11287565,e20051397201020918904d89
80,1,119,5519885,e20051397201020918904d89
90,0,0,0,e20051397201020918904d89
100,0,0,0,e20051397201020918904d89
110,0,0,0,e20051397201020918904d89
120,0,0,0,e20051397201020918904d89
130,0,0,0,e20051397201020918904d89
140,0,0,0,e20051397201020918904d89
150,0,0,0,e20051397201020918904d89
160,0,0,0,e20051397201020918904d89
170,0,0,0,e20051397201020918904d89
180,0,0,0,e20051397201020918904d89
190,0,0,0,e20051397201020918904d89
200,0,0,0,e20051397201020918904d89
10,1,190,16529165,e20051397201020918904d89
20,1,204,11287565,e20051397201020918904d89
30,1,199,5519885,e20051397201020918904d89
40,1,160,10761485,e20051397201020918904d89
50,1,57,16529165,e20051397201020918904d89
60,1,104,11287565,e20051397201020918904d89
70,1,86,5519885,e20051397201020918904d89
80,0,0,0,e20051397201020918904d89
90,0,0,0,e20051397201020918904d89
100,1,96,11287565,e20051397201020918904d89
110,1,98,5519885,e20051397201020918904d89
120,0,0,0,e20051397201020918904d89
130,0,0,0,e20051397201020918904d89
140,0,0,0,e20051397201020918904d89
150,0,0,0,e20051397201020918904d89
160,0,0,0,e20051397201020918904d89
170,0,0,0,e20051397201020918904d89
180,0,0,0,e20051397201020918904d89
190,0,0,0,e20051397201020918904d89
200,0,0,0,e20051397201020918904d89
10,1,236,11287565,e20051397201020918904d89
20,1,217,5519885,e20051397201020918904d89
30,1,196,10761485,e20051397201020918904d89
40,1,137,16529165,e20051397201020918904d89
50,1,9,11287565,e20051397201020918904d89
60,1,73,5519885,e20051397201020918904d89
70,1,8,10761485,e20051397201020918904d89
80,1,86,16529165,e20051397201020918904d89
90,1,113,11287565,e20051397201020918904d89
100,0,0,0,e20051397201020918904d89
110,0,0,0,e20051397201020918904d89
120,0,0,0,e20051397201020918904d89
130,0,0,0,e20051397201020918904d89
140,0,0,0,e20051397201020918904d89
150,0,0,0,e20051397201020918904d89
160,0,0,0,e20051397201020918904d89
170,0,0,0,e20051397201020918904d89
180,0,0,0,e20051397201020918904d89
190,0,0,0,e20051397201020918904d89
200,0,0,0,e20051397201020918904d89
10,1,237,5519885,e20051397201020918904d89
20,1,219,10761485,e20051397201020918904d89
30,1,192,16529165,e20051397201020918904d89
40,1,152,11287565,e20051397201020918904d89
50,1,121,5519885,e20051397201020918904d89
60,1,120,10761485,e20051397201020918904d89
70,1,55,16529165,e20051397201020918904d89
80,1,54,11287565,e20051397201020918904d89
90,0,0,0,e20051397201020918904d89
100,0,0,0,e20051397201020918904d89
110,0,0,0,e20051397201020918904d89
120,0,0,0,e20051397201020918904d89
130,0,0,0,e20051397201020918904d89
140,0,0,0,e20051397201020918904d89
150,0,0,0,e20051397201020918904d89
160,0,0,0,e20051397201020918904d89
170,0,0,0,e20051397201020918904d89
180,0,0,0,e20051397201020918904d89
190,0,0,0,e20051397201020918904d89
200,0,0,0,e20051397201020918904d89
10,1,237,10761485,e20051397201020918904d89
20,1,218,16529165,e20051397201020918904d89
30,1,209,11287565,e20051397201020918904d89
40,1,184,5519885,e20051397201020918904d89
50,1,137,10761485,e20051397201020918904d89
60,1,121,16529165,e20051397201020918904d89
70,1,41,11287565,e20051397201020918904d89
80,1,102,5519885,e20051397201020918904d89
90,1,117,10761485,e20051397201020918904d89
100,0,0,0,e20051397201020918904d89
110,0,0,0,e20051397201020918904d89
120,0,0,0,e20051397201020918904d89
130,0,0,0,e20051397201020918904d89
140,0,0,0,e20051397201020918904d89
150,0,0,0,e20051397201020918904d89
160,0,0,0,e20051397201020918904d89
170,0,0,0,e20051397201020918904d89
180,0,0,0,e20051397201020918904d89
190,0,0,0,e20051397201020918904d89
200,0,0,0,e20051397201020918904d89
10,1,237,16529165,e20051397201020918904d89
20,1,231,11287565,e20051397201020918904d89
30,1,202,5519885,e20051397201020918904d89
40,1,91,10761485,e20051397201020918904d89
50,1,26,16529165,e20051397201020918904d89
60,1,121,11287565,e20051397201020918904d89
70,1,103,5519885,e20051397201020918904d89
80,1,115,10761485,e20051397201020918904d89
90,1,102,16529165,e20051397201020918904d89
100,1,87,11287565,e20051397201020918904d89
110,1,87,5519885,e20051397201020918904d89
120,0,0,0,e20051397201020918904d89
130,0,0,0,e20051397201020918904d89
140,0,0,0,e20051397201020918904d89
150,0,0,0,e20051397201020918904d89
160,0,0,0,e20051397201020918904d89
170,0,0,0,e20051397201020918904d89
180,0,0,0,e20051397201020918904d89
190,0,0,0,e20051397201020918904d89
200,0,0,0,e20051397201020918904d89
10,1,248,11287565,e20051397201020918904d89
20,1,174,5519885,e20051397201020918904d89
30,1,141,10761485,e20051397201020918904d89
40,1,203,16529165,e20051397201020918904d89
50,1,171,11287565,e20051397201020918904d89
60,1,151,5519885,e20051397201020918904d89
70,1,133,10761485,e20051397201020918904d89
80,0,0,0,e20051397201020918904d89
90,1,56,11287565,e20051397201020918904d89
100,1,8,5519885,e20051397201020918904d89
110,1,102,10761485,e20051397201020918904d89
120,1,87,16529165,e20051397201020918904d89
130,0,0,0,e20051397201020918904d89
140,0,0,0,e20051397201020918904d89
150,0,0,0,e20051397201020918904d89
160,0,0,0,e20051397201020918904d89
170,0,0,0,e20051397201020918904d89
180,0,0,0,e20051397201020918904d89
190,0,0,0,e20051397201020918904d89
200,0,0,0,e20051397201020918904d89
10,1,238,5519885,e20051397201020918904d89
20,1,218,10761485,e20051397201020918904d89
30,1,197,16529165,e20051397201020918904d89
40,1,153,11287565,e20051397201020918904d89
50,1,121,5519885,e20051397201020918904d89
60,1,57,10761485,e20051397201020918904d89
70,1,103,16529165,e20051397201020918904d89
80,1,86,11287565,e20051397201020918904d89
90,1,114,5519885,e20051397201020918904d89
100,0,0,0,e20051397201020918904d89
110,0,0,0,e20051397201020918904d89
120,0,0,0,e20051397201020918904d89
130,0,0,0,e20051397201020918904d89
140,0,0,0,e20051397201020918904d89
150,0,0,0,e20051397201020918904d89
160,0,0,0,e20051397201020918904d89
170,0,0,0,e20051397201020918904d89
180,0,0,0,e20051397201020918904d89
190,0,0,0,e20051397201020918904d89
200,0,0,0,e20051397201020918904d89
10,1,236,10761485,e20051397201020918904d89
20,1,220,16529165,e20051397201020918904d89
30,1,199,11287565,e20051397201020918904d89
40,1,167,5519885,e20051397201020918904d89
50,1,151,10761485,e20051397201020918904d89
60,1,25,16529165,e20051397201020918904d89
70,1,103,11287565,e20051397201020918904d89
80,1,102,5519885,e20051397201020918904d89
90,0,0,0,e20051397201020918904d89
100,0,0,0,e20051397201020918904d89
110,0,0,0,e20051397201020918904d89
120,0,0,0,e20051397201020918904d89
130,0,0,0,e20051397201020918904d89
140,0,0,0,e20051397201020918904d89
150,0,0,0,e20051397201020918904d89
160,0,0,0,e20051397201020918904d89
170,0,0,0,e20051397201020918904d89
180,0,0,0,e20051397201020918904d89
190,0,0,0,e20051397201020918904d89
200,0,0,0,e20051397201020918904d89
10,1,235,16529165,e20051397201020918904d89
20,1,232,11287565,e20051397201020918904d89
30,1,155,5519885,e20051397201020918904d89
40,1,154,10761485,e20051397201020918904d89
50,1,58,16529165,e20051397201020918904d89
60,1,10,11287565,e20051397201020918904d89
70,1,103,5519885,e20051397201020918904d89
80,1,86,10761485,e20051397201020918904d89
90,0,0,0,e20051397201020918904d89
100,0,0,0,e20051397201020918904d89
110,0,0,0,e20051397201020918904d89
120,0,0,0,e20051397201020918904d89
130,0,0,0,e20051397201020918904d89
140,0,0,0,e20051397201020918904d89
150,0,0,0,e20051397201020918904d89
160,0,0,0,e20051397201020918904d89
170,0,0,0,e20051397201020918904d89
180,0,0,0,e20051397201020918904d89
190,0,0,0,e20051397201020918904d89
200,0,0,0,e20051397201020918904d89
10,1,222,11287565,e20051397201014718904e81
20,1,205,5519885,e20051397201014718904e81
30,1,203,10761485,e20051397201014718904e81
40,1,181,16529165,e20051397201014718904e81
50,1,121,11287565,e20051397201014718904e81
60,1,120,5519885,e20051397201014718904e81
70,0,0,0,e20051397201014718904e81
80,1,40,16529165,e20051397201014718904e81
90,1,70,11287565,e20051397201014718904e81
100,1,85,5519885,e20051397201014718904e81
110,1,97,10761485,e20051397201014718904e81
120,0,0,0,e20051397201014718904e81
130,0,0,0,e20051397201014718904e81
140,1,37,5519885,e20051397201014718904e81
150,0,0,0,e20051397201014718904e81
160,0,0,0,e20051397201014718904e81
170,0,0,0,e20051397201014718904e81
180,0,0,0,e20051397201014718904e81
190,0,0,0,e20051397201014718904e81
200,0,0,0,e20051397201014718904e81
10,1,247,5519885,e20051397201014718904e81
20,1,204,10761485,e20051397201014718904e81
30,1,140,16529165,e20051397201014718904e81
40,0,0,0,e20051397201014718904e81
50,1,91,5519885,e20051397201014718904e81
60,1,25,10761485,e20051397201014718904e81
70,1,119,16529165,e20051397201014718904e81
80,1,144,11287565,e20051397201014718904e81
90,0,0,0,e20051397201014718904e81
100,1,84,10761485,e20051397201014718904e81
110,1,55,16529165,e20051397201014718904e81
120,1,39,11287565,e20051397201014718904e81
130,0,0,0,e20051397201014718904e81
140,0,0,0,e20051397201014718904e81
150,0,0,0,e20051397201014718904e81
160,0,0,0,e20051397201014718904e81
170,0,0,0,e20051397201014718904e81
180,0,0,0,e20051397201014718904e81
190,0,0,0,e20051397201014718904e81
200,0,0,0,e20051397201014718904e81
10,1,206,10761485,e20051397201014718904e81
20,1,219,16529165,e20051397201014718904e81
30,1,192,11287565,e20051397201014718904e81
40,1,169,5519885,e20051397201014718904e81
50,1,121,10761485,e20051397201014718904e81
60,1,104,16529165,e20051397201014718904e81
70,1,8,11287565,e20051397201014718904e81
80,1,55,5519885,e20051397201014718904e81
90,1,22,10761485,e20051397201014718904e81
100,1,96,16529165,e20051397201014718904e81
110,1,96,11287565,e20051397201014718904e81
120,0,0,0,e20051397201014718904e81
130,0,0,0,e20051397201014718904e81
140,0,0,0,e20051397201014718904e81
150,0,0,0,e20051397201014718904e81
160,0,0,0,e20051397201014718904e81
170,0,0,0,e20051397201014718904e81
180,0,0,0,e20051397201014718904e81
190,0,0,0,e20051397201014718904e81
200,0,0,0,e20051397201014718904e81
10,1,206,16529165,e20051397201014718904e81
20,1,205,11287565,e20051397201014718904e81
30,1,196,5519885,e20051397201014718904e81
40,1,179,10761485,e20051397201014718904e81
50,1,152,16529165,e20051397201014718904e81
60,1,89,11287565,e20051397201014718904e81
70,1,8,5519885,e20051397201014718904e81
80,1,23,10761485,e20051397201014718904e81
90,0,0,0,e20051397201014718904e81
100,1,115,11287565,e20051397201014718904e81
110,1,83,5519885,e20051397201014718904e81
120,0,0,0,e20051397201014718904e81
130,0,0,0,e20051397201014718904e81
140,0,0,0,e20051397201014718904e81
150,0,0,0,e20051397201014718904e81
160,0,0,0,e20051397201014718904e81
170,0,0,0,e20051397201014718904e81
180,0,0,0,e20051397201014718904e81
190,0,0,0,e20051397201014718904e81
200,0,0,0,e20051397201014718904e81
10,1,246,11287565,e20051397201014718904e81
20,1,204,5519885,e20051397201014718904e81
30,1,171,10761485,e20051397201014718904e81
40,1,139,16529165,e20051397201014718904e81
50,1,75,11287565,e20051397201014718904e81
60,1,25,5519885,e20051397201014718904e81
70,1,88,10761485,e20051397201014718904e81
80,1,116,16529165,e20051397201014718904e81
90,1,114,11287565,e20051397201014718904e81
100,1,102,5519885,e20051397201014718904e81
110,1,116,10761485,e20051397201014718904e81
120,1,85,16529165,e20051397201014718904e81
130,1,54,11287565,e20051397201014718904e81
140,0,0,0,e20051397201014718904e81
150,0,0,0,e20051397201014718904e81
160,0,0,0,e20051397201014718904e81
170,0,0,0,e20051397201014718904e81
180,0,0,0,e20051397201014718904e81
190,0,0,0,e20051397201014718904e81
200,0,0,0,e20051397201014718904e81
10,1,206,10761485,e20051397201014718904e81
20,1,204,16529165,e20051397201014718904e81
30,1,196,11287565,e20051397201014718904e81
40,1,182,5519885,e20051397201014718904e81
50,1,151,10761485,e20051397201014718904e81
60,1,104,16529165,e20051397201014718904e81
70,1,56,11287565,e20051397201014718904e81
80,1,87,5519885,e20051397201014718904e81
90,1,112,10761485,e20051397201014718904e81
100,0,0,0,e20051397201014718904e81
110,1,80,11287565,e20051397201014718904e81
120,0,0,0,e20051397201014718904e81
130,0,0,0,e20051397201014718904e81
140,0,0,0,e20051397201014718904e81
150,0,0,0,e20051397201014718904e81
160,0,0,0,e20051397201014718904e81
170,0,0,0,e20051397201014718904e81
180,0,0,0,e20051397201014718904e81
190,0,0,0,e20051397201014718904e81
200,0,0,0,e20051397201014718904e81
10,1,249,11287565,e20051397201014718904e81
20,1,231,5519885,e20051397201014718904e81
30,1,203,10761485,e20051397201014718904e81
40,1,28,16529165,e20051397201014718904e81
50,1,139,11287565,e20051397201014718904e81
60,1,137,5519885,e20051397201014718904e81
70,1,120,10761485,e20051397201014718904e81
80,1,118,16529165,e20051397201014718904e81
90,1,86,11287565,e20051397201014718904e81
100,0,0,0,e20051397201014718904e81
110,1,7,10761485,e20051397201014718904e81
120,1,39,16529165,e20051397201014718904e81
130,1,6,11287565,e20051397201014718904e81
140,1,85,5519885,e20051397201014718904e81
150,0,0,0,e20051397201014718904e81
160,0,0,0,e20051397201014718904e81
170,0,0,0,e20051397201014718904e81
180,0,0,0,e20051397201014718904e81
190,0,0,0,e20051397201014718904e81
200,0,0,0,e20051397201014718904e81
10,1,206,5519885,e20051397201014718904e81
20,1,205,10761485,e20051397201014718904e81
30,1,194,16529165,e20051397201014718904e81
40,1,167,11287565,e20051397201014718904e81
50,1,137,5519885,e20051397201014718904e81
60,1,119,10761485,e20051397201014718904e81
70,1,24,16529165,e20051397201014718904e81
80,1,102,11287565,e20051397201014718904e81
90,1,96,5519885,e20051397201014718904e81
100,1,112,10761485,e20051397201014718904e81
110,1,71,16529165,e20051397201014718904e81
120,1,71,11287565,e20051397201014718904e81
130,0,0,0,e20051397201014718904e81
140,0,0,0,e20051397201014718904e81
150,0,0,0,e20051397201014718904e81
160,0,0,0,e20051397201014718904e81
170,0,0,0,e20051397201014718904e81
180,0,0,0,e20051397201014718904e81
190,0,0,0,e20051397201014718904e81
200,0,0,0,e20051397201014718904e81
10,1,251,10761485,e20051397201014718904e81
20,1,224,16529165,e20051397201014718904e81
30,1,213,11287565,e20051397201014718904e81
40,1,138,5519885,e20051397201014718904e81
50,1,122,10761485,e20051397201014718904e81
60,1,25,16529165,e20051397201014718904e81
70,1,104,11287565,e20051397201014718904e81
80,1,98,5519885,e20051397201014718904e81
90,1,84,10761485,e20051397201014718904e81
100,0,0,0,e20051397201014718904e81
110,1,38,11287565,e20051397201014718904e81
120,1,40,5519885,e20051397201014718904e81
130,0,0,0,e20051397201014718904e81
140,0,0,0,e20051397201014718904e81
150,0,0,0,e20051397201014718904e81
160,0,0,0,e20051397201014718904e81
170,0,0,0,e20051397201014718904e81
180,0,0,0,e20051397201014718904e81
190,0,0,0,e20051397201014718904e81
200,0,0,0,e20051397201014718904e81
10,1,222,11287565,e20051397201014718904e81
20,1,190,5519885,e20051397201014718904e81
30,1,201,10761485,e20051397201014718904e81
40,1,178,16529165,e20051397201014718904e81
50,1,167,11287565,e20051397201014718904e81
60,1,103,5519885,e20051397201014718904e81
70,1,103,10761485,e20051397201014718904e81
80,1,71,16529165,e20051397201014718904e81
90,0,0,0,e20051397201014718904e81
100,1,115,5519885,e20051397201014718904e81
110,0,0,0,e20051397201014718904e81
120,0,0,0,e20051397201014718904e81
130,0,0,0,e20051397201014718904e81
140,0,0,0,e20051397201014718904e81
150,0,0,0,e20051397201014718904e81
160,0,0,0,e20051397201014718904e81
170,0,0,0,e20051397201014718904e81
180,0,0,0,e20051397201014718904e81
190,0,0,0,e20051397201014718904e81
200,0,0,0,e20051397201014718904e81
10,1,237,16529165,e20051397201015018904e75
20,1,221,11287565,e20051397201015018904e75
30,1,203,5519885,e20051397201015018904e75
40,1,177,10761485,e20051397201015018904e75
50,1,169,16529165,e20051397201015018904e75
60,1,153,11287565,e20051397201015018904e75
70,1,73,5519885,e20051397201015018904e75
80,1,9,10761485,e20051397201015018904e75
90,1,103,16529165,e20051397201015018904e75
100,1,113,11287565,e20051397201015018904e75
110,1,96,5519885,e20051397201015018904e75
120,1,82,10761485,e20051397201015018904e75
130,0,0,0,e20051397201015018904e75
140,0,0,0,e20051397201015018904e75
150,0,0,0,e20051397201015018904e75
160,0,0,0,e20051397201015018904e75
170,0,0,0,e20051397201015018904e75
180,0,0,0,e20051397201015018904e75
190,0,0,0,e20051397201015018904e75
200,0,0,0,e20051397201015018904e75
10,1,224,11287565,e20051397201015018904e75
20,1,209,5519885,e20051397201015018904e75
30,1,199,10761485,e20051397201015018904e75
40,1,169,16529165,e20051397201015018904e75
50,1,122,11287565,e20051397201015018904e75
60,1,9,5519885,e20051397201015018904e75
70,1,40,10761485,e20051397201015018904e75
80,1,102,16529165,e20051397201015018904e75
90,1,98,11287565,e20051397201015018904e75
100,0,0,0,e20051397201015018904e75
110,0,0,0,e20051397201015018904e75
120,0,0,0,e20051397201015018904e75
130,0,0,0,e20051397201015018904e75
140,0,0,0,e20051397201015018904e75
150,0,0,0,e20051397201015018904e75
160,0,0,0,e20051397201015018904e75
170,0,0,0,e20051397201015018904e75
180,0,0,0,e20051397201015018904e75
190,0,0,0,e20051397201015018904e75
200,0,0,0,e20051397201015018904e75
10,1,191,11287565,e20051397201015018904e75
20,1,220,5519885,e20051397201015018904e75
30,1,172,10761485,e20051397201015018904e75
40,1,76,16529165,e20051397201015018904e75
50,1,92,11287565,e20051397201015018904e75
60,1,11,5519885,e20051397201015018904e75
70,1,120,10761485,e20051397201015018904e75
80,1,133,16529165,e20051397201015018904e75
90,1,144,11287565,e20051397201015018904e75
100,0,0,0,e20051397201015018904e75
110,1,23,10761485,e20051397201015018904e75
120,1,54,16529165,e20051397201015018904e75
130,1,97,11287565,e20051397201015018904e75
140,0,0,0,e20051397201015018904e75
150,0,0,0,e20051397201015018904e75
160,0,0,0,e20051397201015018904e75
170,0,0,0,e20051397201015018904e75
180,0,0,0,e20051397201015018904e75
190,0,0,0,e20051397201015018904e75
200,0,0,0,e20051397201015018904e75
10,1,224,11287565,e20051397201015018904e75
20,1,218,5519885,e20051397201015018904e75
30,1,171,10761485,e20051397201015018904e75
40,1,90,16529165,e20051397201015018904e75
50,1,59,11287565,e20051397201015018904e75
60,1,104,5519885,e20051397201015018904e75
70,1,88,10761485,e20051397201015018904e75
80,1,103,16529165,e20051397201015018904e75
90,1,114,11287565,e20051397201015018904e75
100,1,100,5519885,e20051397201015018904e75
110,1,54,10761485,e20051397201015018904e75
120,1,7,16529165,e20051397201015018904e75
130,1,23,11287565,e20051397201015018904e75
140,1,53,5519885,e20051397201015018904e75
150,1,37,10761485,e20051397201015018904e75
160,0,0,0,e20051397201015018904e75
170,0,0,0,e20051397201015018904e75
180,1,6,5519885,e20051397201015018904e75
190,0,0,0,e20051397201015018904e75
200,0,0,0,e20051397201015018904e75
10,1,235,11287565,e20051397201015018904e75
20,1,216,5519885,e20051397201015018904e75
30,1,199,10761485,e20051397201015018904e75
40,1,170,16529165,e20051397201015018904e75
50,1,26,11287565,e20051397201015018904e75
60,0,0,0,e20051397201015018904e75
70,1,41,10761485,e20051397201015018904e75
80,1,135,16529165,e20051397201015018904e75
90,1,97,11287565,e20051397201015018904e75
100,0,0,0,e20051397201015018904e75
110,0,0,0,e20051397201015018904e75
120,0,0,0,e20051397201015018904e75
130,0,0,0,e20051397201015018904e75
140,0,0,0,e20051397201015018904e75
150,0,0,0,e20051397201015018904e75
160,0,0,0,e20051397201015018904e75
170,0,0,0,e20051397201015018904e75
180,0,0,0,e20051397201015018904e75
190,0,0,0,e20051397201015018904e75
200,1,0,1,e20051397201015018904e75
10,1,222,16529165,e20051397201015018904e75
20,1,30,11287565,e20051397201015018904e75
30,1,125,5519885,e20051397201015018904e75
40,1,108,10761485,e20051397201015018904e75
50,1,154,16529165,e20051397201015018904e75
60,1,167,11287565,e20051397201015018904e75
70,1,167,5519885,e20051397201015018904e75
80,1,133,10761485,e20051397201015018904e75
90,1,118,16529165,e20051397201015018904e75
100,1,8,11287565,e20051397201015018904e75
110,1,24,5519885,e20051397201015018904e75
120,1,7,10761485,e20051397201015018904e75
130,0,0,0,e20051397201015018904e75
140,0,0,0,e20051397201015018904e75
150,0,0,0,e20051397201015018904e75
160,0,0,0,e20051397201015018904e75
170,0,0,0,e20051397201015018904e75
180,0,0,0,e20051397201015018904e75
190,0,0,0,e20051397201015018904e75
200,1,0,1,e20051397201015018904e75
10,1,207,10761485,e20051397201015018904e75
20,1,221,16529165,e20051397201015018904e75
30,1,93,11287565,e20051397201015018904e75
40,1,125,5519885,e20051397201015018904e75
50,1,139,10761485,e20051397201015018904e75
60,1,183,16529165,e20051397201015018904e75
70,1,166,11287565,e20051397201015018904e75
80,1,145,5519885,e20051397201015018904e75
90,1,146,10761485,e20051397201015018904e75
100,1,24,16529165,e20051397201015018904e75
110,1,40,11287565,e20051397201015018904e75
120,1,54,5519885,e20051397201015018904e75
130,0,0,0,e20051397201015018904e75
140,1,81,16529165,e20051397201015018904e75
150,0,0,0,e20051397201015018904e75
160,0,0,0,e20051397201015018904e75
170,0,0,0,e20051397201015018904e75
180,0,0,0,e20051397201015018904e75
190,0,0,0,e20051397201015018904e75
200,1,0,1,e20051397201015018904e75
10,1,235,5519885,e20051397201015018904e75
20,1,233,10761485,e20051397201015018904e75
30,1,200,16529165,e20051397201015018904e75
40,1,171,11287565,e20051397201015018904e75
50,1,122,5519885,e20051397201015018904e75
60,1,10,10761485,e20051397201015018904e75
70,1,42,16529165,e20051397201015018904e75
80,1,103,11287565,e20051397201015018904e75
90,1,86,5519885,e20051397201015018904e75
100,0,0,0,e20051397201015018904e75
110,0,0,0,e20051397201015018904e75
120,0,0,0,e20051397201015018904e75
130,0,0,0,e20051397201015018904e75
140,0,0,0,e20051397201015018904e75
150,0,0,0,e20051397201015018904e75
160,0,0,0,e20051397201015018904e75
170,0,0,0,e20051397201015018904e75
180,0,0,0,e20051397201015018904e75
190,0,0,0,e20051397201015018904e75
200,1,0,1,e20051397201015018904e75
10,1,224,5519885,e20051397201015018904e75
20,1,214,10761485,e20051397201015018904e75
30,1,122,16529165,e20051397201015018904e75
40,1,27,11287565,e20051397201015018904e75
50,1,57,5519885,e20051397201015018904e75
60,1,22,10761485,e20051397201015018904e75
70,1,69,16529165,e20051397201015018904e75
80,1,99,11287565,e20051397201015018904e75
90,1,80,5519885,e20051397201015018904e75
100,1,85,10761485,e20051397201015018904e75
110,0,0,0,e20051397201015018904e75
120,1,22,11287565,e20051397201015018904e75
130,0,0,0,e20051397201015018904e75
140,0,0,0,e20051397201015018904e75
150,0,0,0,e20051397201015018904e75
160,0,0,0,e20051397201015018904e75
170,0,0,0,e20051397201015018904e75
180,0,0,0,e20051397201015018904e75
190,0,0,0,e20051397201015018904e75
200,0,0,0,e20051397201015018904e75
10,1,229,11287565,e20051397201015018904e75
20,1,211,5519885,e20051397201015018904e75
30,1,201,10761485,e20051397201015018904e75
40,1,169,16529165,e20051397201015018904e75
50,1,90,11287565,e20051397201015018904e75
60,1,10,5519885,e20051397201015018904e75
70,1,40,10761485,e20051397201015018904e75
80,1,87,16529165,e20051397201015018904e75
90,1,113,11287565,e20051397201015018904e75
100,1,96,5519885,e20051397201015018904e75
110,0,0,0,e20051397201015018904e75
120,1,70,16529165,e20051397201015018904e75
130,1,6,11287565,e20051397201015018904e75
140,1,54,5519885,e20051397201015018904e75
150,1,5,10761485,e20051397201015018904e75
160,1,5,16529165,e20051397201015018904e75
170,0,0,0,e20051397201015018904e75
180,0,0,0,e20051397201015018904e75
190,0,0,0,e20051397201015018904e75
200,0,0,0,e20051397201015018904e75
10,1,234,16529165,e20051397201021218904d7d
20,1,216,11287565,e20051397201021218904d7d
30,1,200,5519885,e20051397201021218904d7d
40,1,154,10761485,e20051397201021218904d7d
50,1,154,16529165,e20051397201021218904d7d
60,1,120,11287565,e20051397201021218904d7d
70,1,55,5519885,e20051397201021218904d7d
80,1,117,10761485,e20051397201021218904d7d
90,1,114,16529165,e20051397201021218904d7d
100,0,0,0,e20051397201021218904d7d
110,0,0,0,e20051397201021218904d7d
120,1,38,10761485,e20051397201021218904d7d
130,0,0,0,e20051397201021218904d7d
140,0,0,0,e20051397201021218904d7d
150,1,80,5519885,e20051397201021218904d7d
160,0,0,0,e20051397201021218904d7d
170,0,0,0,e20051397201021218904d7d
180,0,0,0,e20051397201021218904d7d
190,0,0,0,e20051397201021218904d7d
200,0,0,0,e20051397201021218904d7d
10,1,237,10761485,e20051397201021218904d7d
20,1,221,16529165,e20051397201021218904d7d
30,1,203,11287565,e20051397201021218904d7d
40,1,109,5519885,e20051397201021218904d7d
50,1,44,10761485,e20051397201021218904d7d
60,1,168,16529165,e20051397201021218904d7d
70,1,135,11287565,e20051397201021218904d7d
80,1,135,5519885,e20051397201021218904d7d
90,1,115,10761485,e20051397201021218904d7d
100,0,0,0,e20051397201021218904d7d
110,1,70,11287565,e20051397201021218904d7d
120,1,7,5519885,e20051397201021218904d7d
130,1,38,10761485,e20051397201021218904d7d
140,1,70,16529165,e20051397201021218904d7d
150,0,0,0,e20051397201021218904d7d
160,1,69,5519885,e20051397201021218904d7d
170,0,0,0,e20051397201021218904d7d
180,1,6,16529165,e20051397201021218904d7d
190,0,0,0,e20051397201021218904d7d
200,0,0,0,e20051397201021218904d7d
10,1,236,5519885,e20051397201021218904d7d
20,1,204,10761485,e20051397201021218904d7d
30,1,172,16529165,e20051397201021218904d7d
40,1,27,11287565,e20051397201021218904d7d
50,1,166,5519885,e20051397201021218904d7d
60,1,167,10761485,e20051397201021218904d7d
70,1,150,16529165,e20051397201021218904d7d
80,1,130,11287565,e20051397201021218904d7d
90,1,117,5519885,e20051397201021218904d7d
100,1,103,10761485,e20051397201021218904d7d
110,1,8,16529165,e20051397201021218904d7d
120,1,71,11287565,e20051397201021218904d7d
130,1,84,5519885,e20051397201021218904d7d
140,1,96,10761485,e20051397201021218904d7d
150,0,0,0,e20051397201021218904d7d
160,0,0,0,e20051397201021218904d7d
170,0,0,0,e20051397201021218904d7d
180,0,0,0,e20051397201021218904d7d
190,0,0,0,e20051397201021218904d7d
200,0,0,0,e20051397201021218904d7d
10,1,190,5519885,e20051397201021218904d7d
20,1,204,10761485,e20051397201021218904d7d
30,1,187,16529165,e20051397201021218904d7d
40,1,107,11287565,e20051397201021218904d7d
50,1,42,5519885,e20051397201021218904d7d
60,1,160,10761485,e20051397201021218904d7d
70,1,152,16529165,e20051397201021218904d7d
80,1,103,11287565,e20051397201021218904d7d
90,1,87,5519885,e20051397201021218904d7d
100,1,86,10761485,e20051397201021218904d7d
110,1,70,16529165,e20051397201021218904d7d
120,1,80,11287565,e20051397201021218904d7d
130,0,0,0,e20051397201021218904d7d
140,0,0,0,e20051397201021218904d7d
150,0,0,0,e20051397201021218904d7d
160,0,0,0,e20051397201021218904d7d
170,0,0,0,e20051397201021218904d7d
180,0,0,0,e20051397201021218904d7d
190,0,0,0,e20051397201021218904d7d
200,0,0,0,e20051397201021218904d7d
10,1,47,16529165,e20051397201021218904d7d
20,1,174,11287565,e20051397201021218904d7d
30,1,158,5519885,e20051397201021218904d7d
40,1,189,10761485,e20051397201021218904d7d
50,1,188,16529165,e20051397201021218904d7d
60,1,194,11287565,e20051397201021218904d7d
70,1,183,5519885,e20051397201021218904d7d
80,1,152,10761485,e20051397201021218904d7d
90,1,106,16529165,e20051397201021218904d7d
100,1,120,11287565,e20051397201021218904d7d
110,1,116,5519885,e20051397201021218904d7d
120,1,130,10761485,e20051397201021218904d7d
130,0,0,0,e20051397201021218904d7d
140,0,0,0,e20051397201021218904d7d
150,0,0,0,e20051397201021218904d7d
160,0,0,0,e20051397201021218904d7d
170,0,0,0,e20051397201021218904d7d
180,0,0,0,e20051397201021218904d7d
190,0,0,0,e20051397201021218904d7d
200,0,0,0,e20051397201021218904d7d
10,1,78,10761485,e20051397201021218904d7d
20,1,221,16529165,e20051397201021218904d7d
30,1,204,11287565,e20051397201021218904d7d
40,1,156,5519885,e20051397201021218904d7d
50,1,139,10761485,e20051397201021218904d7d
60,1,75,16529165,e20051397201021218904d7d
70,1,163,11287565,e20051397201021218904d7d
80,1,149,5519885,e20051397201021218904d7d
90,1,149,10761485,e20051397201021218904d7d
100,1,118,16529165,e20051397201021218904d7d
110,1,102,11287565,e20051397201021218904d7d
120,0,0,0,e20051397201021218904d7d
130,0,0,0,e20051397201021218904d7d
140,1,83,16529165,e20051397201021218904d7d
150,0,0,0,e20051397201021218904d7d
160,0,0,0,e20051397201021218904d7d
170,0,0,0,e20051397201021218904d7d
180,0,0,0,e20051397201021218904d7d
190,0,0,0,e20051397201021218904d7d
200,0,0,0,e20051397201021218904d7d
10,1,173,5519885,e20051397201021218904d7d
20,1,92,10761485,e20051397201021218904d7d
30,1,154,16529165,e20051397201021218904d7d
40,1,134,11287565,e20051397201021218904d7d
50,1,115,5519885,e20051397201021218904d7d
60,1,104,10761485,e20051397201021218904d7d
70,1,72,16529165,e20051397201021218904d7d
80,1,120,11287565,e20051397201021218904d7d
90,1,86,5519885,e20051397201021218904d7d
100,1,8,10761485,e20051397201021218904d7d
110,1,55,16529165,e20051397201021218904d7d
120,0,0,0,e20051397201021218904d7d
130,0,0,0,e20051397201021218904d7d
140,0,0,0,e20051397201021218904d7d
150,0,0,0,e20051397201021218904d7d
160,0,0,0,e20051397201021218904d7d
170,0,0,0,e20051397201021218904d7d
180,0,0,0,e20051397201021218904d7d
190,0,0,0,e20051397201021218904d7d
200,0,0,0,e20051397201021218904d7d
10,1,125,11287565,e20051397201021218904d7d
20,0,0,0,e20051397201021218904d7d
30,1,139,10761485,e20051397201021218904d7d
40,1,11,16529165,e20051397201021218904d7d
50,1,154,11287565,e20051397201021218904d7d
60,1,89,5519885,e20051397201021218904d7d
70,1,103,10761485,e20051397201021218904d7d
80,1,112,16529165,e20051397201021218904d7d
90,1,85,11287565,e20051397201021218904d7d
100,1,39,5519885,e20051397201021218904d7d
110,1,100,10761485,e20051397201021218904d7d
120,0,0,0,e20051397201021218904d7d
130,0,0,0,e20051397201021218904d7d
140,0,0,0,e20051397201021218904d7d
150,0,0,0,e20051397201021218904d7d
160,0,0,0,e20051397201021218904d7d
170,0,0,0,e20051397201021218904d7d
180,0,0,0,e20051397201021218904d7d
190,0,0,0,e20051397201021218904d7d
200,0,0,0,e20051397201021218904d7d
10,1,243,11287565,e20051397201021218904d7d
20,1,232,5519885,e20051397201021218904d7d
30,1,218,10761485,e20051397201021218904d7d
40,1,170,16529165,e20051397201021218904d7d
50,1,154,11287565,e20051397201021218904d7d
60,1,11,5519885,e20051397201021218904d7d
70,1,112,10761485,e20051397201021218904d7d
80,1,145,16529165,e20051397201021218904d7d
90,1,148,11287565,e20051397201021218904d7d
100,1,100,5519885,e20051397201021218904d7d
110,1,99,10761485,e20051397201021218904d7d
120,1,70,16529165,e20051397201021218904d7d
130,0,0,0,e20051397201021218904d7d
140,0,0,0,e20051397201021218904d7d
150,0,0,0,e20051397201021218904d7d
160,0,0,0,e20051397201021218904d7d
170,0,0,0,e20051397201021218904d7d
180,0,0,0,e20051397201021218904d7d
190,0,0,0,e20051397201021218904d7d
200,0,0,0,e20051397201021218904d7d
10,1,238,11287565,e20051397201021218904d7d
20,1,125,5519885,e20051397201021218904d7d
30,1,140,10761485,e20051397201021218904d7d
40,1,120,16529165,e20051397201021218904d7d
50,1,170,11287565,e20051397201021218904d7d
60,1,137,5519885,e20051397201021218904d7d
70,1,58,10761485,e20051397201021218904d7d
80,1,121,16529165,e20051397201021218904d7d
90,1,148,11287565,e20051397201021218904d7d
100,1,118,5519885,e20051397201021218904d7d
110,0,0,0,e20051397201021218904d7d
120,0,0,0,e20051397201021218904d7d
130,0,0,0,e20051397201021218904d7d
140,0,0,0,e20051397201021218904d7d
150,0,0,0,e20051397201021218904d7d
160,0,0,0,e20051397201021218904d7d
170,0,0,0,e20051397201021218904d7d
180,0,0,0,e20051397201021218904d7d
190,0,0,0,e20051397201021218904d7d
200,0,0,0,e20051397201021218904d7d